timestamp,heart_rate
0.10277777777777777,583.7837837837839
0.7777777777777778,88.88888888888889
1.6083333333333334,72.24080267558529
2.4027777777777777,75.52447552447553
3.2,75.26132404181185
4.002777777777778,74.74048442906575
4.758333333333334,79.41176470588235
5.627777777777778,69.00958466453675
6.458333333333334,72.24080267558529
7.263888888888889,74.48275862068965
8.072222222222223,74.22680412371133
8.877777777777778,74.48275862068965
9.683333333333334,74.48275862068965
10.444444444444445,78.83211678832117
11.294444444444444,70.58823529411765
12.141666666666666,70.81967213114754
12.966666666666665,72.72727272727273
13.774999999999999,74.22680412371133
14.569444444444443,75.52447552447553
15.369444444444444,75.0
16.21388888888889,71.05263157894737
16.96388888888889,80.0
17.819444444444443,70.12987012987013
18.633333333333333,73.72013651877133
19.461111111111112,72.48322147651007
20.26666666666667,74.48275862068965
20.888888888888893,96.42857142857143
21.063888888888894,342.8571428571429
21.902777777777782,71.52317880794702
22.633333333333336,82.12927756653993
23.500000000000004,69.23076923076923
24.247222222222227,80.29739776951672
24.327777777777783,744.8275862068965
25.14444444444445,73.46938775510205
25.950000000000006,74.48275862068965
26.78333333333334,72.0
27.54166666666667,79.12087912087912
28.322222222222226,76.86832740213524
29.15833333333334,71.76079734219269
30.00833333333334,70.58823529411765
30.830555555555563,72.97297297297298
31.66111111111112,72.24080267558529
32.46944444444445,74.22680412371133
33.34444444444445,68.57142857142857
34.03055555555556,87.4493927125506
34.830555555555556,75.0
35.69166666666667,69.6774193548387
36.525000000000006,72.0
37.341666666666676,73.46938775510205
38.18611111111112,71.05263157894737
38.95277777777778,78.26086956521739
39.73055555555556,77.14285714285714
40.50277777777779,77.6978417266187
41.372222222222234,69.00958466453675
42.2138888888889,71.2871287128713
43.02500000000001,73.97260273972603
43.83333333333334,74.22680412371133
44.67222222222223,71.52317880794702
45.427777777777784,79.41176470588235
46.20833333333334,76.86832740213524
47.030555555555566,72.97297297297298
47.88333333333334,70.35830618892508
48.70833333333334,72.72727272727273
49.53611111111112,72.48322147651007
50.37500000000001,71.52317880794702
51.13333333333334,79.12087912087912
51.91111111111112,77.14285714285714
52.70000000000001,76.05633802816902
53.561111111111124,69.6774193548387
54.3888888888889,72.48322147651007
55.20555555555557,73.46938775510205
55.98055555555557,77.41935483870968
56.82222222222224,71.2871287128713
57.688888888888904,69.23076923076923
58.38888888888891,85.71428571428572
59.23888888888891,70.58823529411765
60.08888888888891,70.58823529411765
60.89722222222224,74.22680412371133
61.313888888888904,144.0
61.70277777777779,154.28571428571428
62.094444444444456,153.19148936170214
62.4888888888889,152.11267605633805
63.311111111111124,72.97297297297298
64.06944444444446,79.12087912087912
64.48055555555557,145.94594594594597
64.89444444444446,144.96644295302013
65.73611111111113,71.2871287128713
66.26111111111113,114.28571428571428
66.56111111111113,200.0
67.40000000000002,71.52317880794702
68.20555555555558,74.48275862068965
69.0027777777778,75.26132404181185
69.8388888888889,71.76079734219269
70.56666666666668,82.44274809160305
71.41944444444445,70.35830618892508
72.25555555555556,71.76079734219269
73.06944444444444,73.72013651877133
73.88333333333333,73.72013651877133
74.69444444444444,73.97260273972603
75.41111111111111,83.72093023255813
76.25833333333334,70.81967213114754
77.06111111111112,74.74048442906575
77.91111111111111,70.58823529411765
78.73333333333333,72.97297297297298
79.55277777777778,73.22033898305085
80.35277777777777,75.0
81.14999999999999,75.26132404181185
81.89722222222221,80.29739776951672
82.7111111111111,73.72013651877133
83.63333333333331,65.06024096385542
84.40277777777776,77.9783393501805
85.23055555555554,72.48322147651007
86.04444444444442,73.72013651877133
86.84999999999998,74.48275862068965
87.6222222222222,77.6978417266187
88.40277777777776,76.86832740213524
89.25555555555553,70.35830618892508
89.63888888888887,156.52173913043478
90.02499999999998,155.3956834532374
90.82777777777775,74.74048442906575
91.73055555555553,66.46153846153847
92.48888888888887,79.12087912087912
92.88611111111109,151.04895104895107
93.28333333333332,151.04895104895107
94.05555555555554,77.6978417266187
94.88333333333333,72.48322147651007
95.72777777777777,71.05263157894737
96.55,72.97297297297298
97.375,72.72727272727273
98.11944444444444,80.59701492537313
98.95833333333333,71.52317880794702
99.72777777777777,77.9783393501805
100.52499999999999,75.26132404181185
101.36944444444444,71.05263157894737
102.19722222222222,72.48322147651007
102.53611111111111,177.04918032786884
103.01944444444445,124.13793103448276
103.83611111111111,73.46938775510205
104.64722222222223,73.97260273972603
105.39166666666667,80.59701492537313
106.22777777777777,71.76079734219269
107.05,72.97297297297298
107.87777777777778,72.48322147651007
108.69166666666666,73.72013651877133
109.51666666666667,72.72727272727273
110.32777777777778,73.97260273972603
111.11944444444445,75.78947368421053
111.85000000000001,82.12927756653993
112.69722222222224,70.81967213114754
113.5388888888889,71.2871287128713
114.03611111111113,120.6703910614525
114.37222222222223,178.51239669421486
115.20833333333334,71.76079734219269
116.01666666666668,74.22680412371133
116.94444444444446,64.67065868263472
117.60000000000001,91.52542372881356
118.37500000000001,77.41935483870968
119.21111111111112,71.76079734219269
120.02222222222224,73.97260273972603
120.8888888888889,69.23076923076923
121.68611111111112,75.26132404181185
122.51111111111112,72.72727272727273
123.29166666666667,76.86832740213524
124.06111111111112,77.9783393501805
124.90555555555557,71.05263157894737
125.75000000000001,71.05263157894737
126.56666666666668,73.46938775510205
127.39166666666668,72.72727272727273
128.17777777777778,76.32508833922262
128.94444444444446,78.26086956521739
129.74722222222223,74.74048442906575
130.54722222222225,75.0
131.40000000000003,70.35830618892508
132.22222222222226,72.97297297297298
133.06111111111116,71.52317880794702
133.87777777777782,73.46938775510205
134.69444444444449,73.46938775510205
135.47222222222226,77.14285714285714
136.24722222222226,77.41935483870968
137.09722222222226,70.58823529411765
137.91111111111115,73.72013651877133
138.6055555555556,86.4
139.47500000000005,69.00958466453675
140.33611111111117,69.6774193548387
141.06666666666672,82.12927756653993
141.58888888888893,114.89361702127658
141.83611111111117,242.69662921348313
142.66111111111115,72.72727272727273
143.50277777777782,71.2871287128713
144.3277777777778,72.72727272727273
145.16388888888892,71.76079734219269
145.72222222222226,107.46268656716417
145.97500000000002,237.36263736263737
146.77500000000003,75.0
147.55000000000004,77.41935483870968
148.33333333333337,76.59574468085107
149.17500000000004,71.2871287128713
149.99722222222226,72.97297297297298
150.35833333333338,166.15384615384616
150.7194444444445,166.15384615384616
151.52222222222227,74.74048442906575
152.34166666666673,73.22033898305085
153.1583333333334,73.46938775510205
153.96666666666673,74.22680412371133
154.8333333333334,69.23076923076923
155.59444444444452,78.83211678832117
156.0083333333334,144.96644295302013
156.4222222222223,144.96644295302013
157.24444444444453,72.97297297297298
157.67777777777786,138.46153846153845
158.0611111111112,156.52173913043478
158.8611111111112,75.0
159.6333333333334,77.6978417266187
160.43055555555563,75.26132404181185
161.2722222222223,71.2871287128713
162.09722222222229,72.72727272727273
162.4833333333334,155.3956834532374
162.86944444444453,155.3956834532374
163.65277777777786,76.59574468085107
164.5250000000001,68.78980891719745
165.27777777777786,79.70479704797049
165.64444444444453,163.63636363636365
165.66666666666674,2700.0
166.05555555555563,154.28571428571428
166.90555555555562,70.58823529411765
167.73611111111117,72.24080267558529
168.25277777777785,116.1290322580645
168.5444444444445,205.7142857142857
168.96944444444452,141.1764705882353
169.37500000000009,147.94520547945206
170.1972222222223,72.97297297297298
170.98055555555564,76.59574468085107
171.44166666666675,130.12048192771084
171.71944444444452,216.0
172.47222222222229,79.70479704797049
173.3944444444445,65.06024096385542
174.1694444444445,77.41935483870968
175.01111111111118,71.2871287128713
175.82500000000007,73.72013651877133
176.63055555555562,74.48275862068965
177.41388888888895,76.59574468085107
178.20000000000005,76.32508833922262
179.0305555555556,72.24080267558529
179.85833333333338,72.48322147651007
180.23611111111114,158.8235294117647
180.6138888888889,158.8235294117647
180.98055555555558,163.63636363636365
181.38611111111115,147.94520547945206
182.2666666666667,68.13880126182966
183.0944444444445,72.48322147651007
183.80277777777783,84.70588235294117
184.22222222222229,143.04635761589404
184.6444444444445,142.10526315789474
185.47777777777785,72.0
186.13611111111118,91.13924050632912
186.28611111111118,400.0
187.11666666666673,72.24080267558529
187.94166666666672,72.72727272727273
188.7305555555556,76.05633802816902
189.51111111111118,76.86832740213524
190.32222222222228,73.97260273972603
191.1444444444445,72.97297297297298
191.9305555555556,76.32508833922262
192.44444444444449,116.75675675675677
192.81666666666672,161.19402985074626
193.1694444444445,170.0787401574803
193.5222222222223,170.0787401574803
194.32777777777784,74.48275862068965
195.1194444444445,75.78947368421053
195.9055555555556,76.32508833922262
196.75277777777782,70.81967213114754
197.5944444444445,71.2871287128713
198.4333333333334,71.52317880794702
199.26111111111118,72.48322147651007
200.10277777777785,71.2871287128713
200.90000000000006,75.26132404181185
201.66388888888895,78.54545454545455
202.4944444444445,72.24080267558529
203.31944444444449,72.72727272727273
204.1416666666667,72.97297297297298
204.98333333333338,71.2871287128713
205.78888888888892,74.48275862068965
206.5916666666667,74.74048442906575
207.34444444444446,79.70479704797049
207.83611111111114,122.03389830508475
208.12500000000003,207.6923076923077
208.9527777777778,72.48322147651007
209.7666666666667,73.72013651877133
210.38333333333338,97.29729729729729
210.59166666666673,288.0
211.21666666666673,96.0
211.4166666666667,300.0
212.20000000000005,76.59574468085107
212.9555555555556,79.41176470588235
213.70000000000005,80.59701492537313
214.50277777777782,74.74048442906575
215.31111111111116,74.22680412371133
215.61111111111117,200.0
216.11666666666673,118.68131868131869
216.9361111111112,73.22033898305085
217.7472222222223,73.97260273972603
218.53055555555562,76.59574468085107
219.2972222222223,78.26086956521739
220.06666666666675,77.9783393501805
220.41944444444454,170.0787401574803
220.88333333333344,129.34131736526945
221.69166666666678,74.22680412371133
222.5000000000001,74.22680412371133
223.31666666666678,73.46938775510205
224.1250000000001,74.22680412371133
224.89722222222233,77.6978417266187
225.64166666666677,80.59701492537313
226.43611111111122,75.52447552447553
227.24722222222232,73.97260273972603
228.0500000000001,74.74048442906575
228.5750000000001,114.28571428571428
229.0111111111112,137.5796178343949
229.4500000000001,136.70886075949366
230.26666666666677,73.46938775510205
231.0361111111112,77.9783393501805
231.81111111111122,77.41935483870968
232.64166666666677,72.24080267558529
233.45833333333343,73.46938775510205
234.28055555555565,72.97297297297298
235.113888888889,72.0
235.94444444444454,72.24080267558529
236.73333333333343,76.05633802816902
237.5000000000001,78.26086956521739
238.31666666666678,73.46938775510205
239.14166666666677,72.72727272727273
239.963888888889,72.97297297297298
240.79166666666677,72.48322147651007
241.62222222222232,72.24080267558529
242.42777777777786,74.48275862068965
243.1972222222223,77.9783393501805
243.99444444444453,75.26132404181185
244.8194444444445,72.72727272727273
245.7083333333334,67.5
246.5472222222223,71.52317880794702
247.3583333333334,73.97260273972603
248.17777777777786,73.22033898305085
248.94166666666675,78.54545454545455
249.6972222222223,79.41176470588235
249.94166666666675,245.45454545454547
250.2222222222223,213.86138613861385
250.51944444444453,201.86915887850466
251.3361111111112,73.46938775510205
251.93055555555563,100.93457943925233
252.14166666666674,284.2105263157895
252.97500000000008,72.0
253.8111111111112,71.76079734219269
254.60277777777785,75.78947368421053
255.36944444444453,78.26086956521739
256.1972222222223,72.48322147651007
256.863888888889,90.0
257.7250000000001,69.6774193548387
258.5611111111112,71.76079734219269
259.38888888888897,72.48322147651007
259.8944444444445,118.68131868131869
260.21111111111117,189.47368421052633
260.9944444444445,76.59574468085107
261.7611111111112,78.26086956521739
262.58611111111117,72.72727272727273
263.4027777777778,73.46938775510205
264.23611111111114,72.0
265.07222222222225,71.76079734219269
265.91111111111115,71.52317880794702
266.70000000000005,76.05633802816902
267.4694444444445,77.9783393501805
268.2916666666667,72.97297297297298
269.1027777777778,73.97260273972603
269.91111111111115,74.22680412371133
270.74722222222226,71.76079734219269
271.1416666666667,152.11267605633805
271.5805555555556,136.70886075949366
272.3805555555556,75.0
273.15000000000003,77.9783393501805
273.82222222222225,89.25619834710743
273.95833333333337,440.8163265306123
274.7916666666667,72.0
275.5888888888889,75.26132404181185
276.2944444444445,85.03937007874015
276.43611111111113,423.5294117647059
277.26944444444445,72.0
277.6333333333333,164.8854961832061
278.0,163.63636363636365
278.64722222222224,92.7038626609442
279.41111111111115,78.54545454545455
280.1833333333334,77.6978417266187
280.9750000000001,75.78947368421053
281.7833333333334,74.22680412371133
282.58055555555563,75.26132404181185
283.4055555555556,72.72727272727273
284.20000000000005,75.52447552447553
284.9444444444445,80.59701492537313
285.71388888888896,77.9783393501805
286.50000000000006,76.32508833922262
287.2972222222223,75.26132404181185
287.7666666666667,127.81065088757397
288.0972222222223,181.51260504201682
288.9027777777778,74.48275862068965
289.7305555555556,72.48322147651007
290.48888888888894,79.12087912087912
291.23611111111114,80.29739776951672
292.0444444444445,74.22680412371133
292.8138888888889,77.9783393501805
293.62500000000006,73.97260273972603
294.45277777777784,72.48322147651007
295.2583333333334,74.48275862068965
296.0805555555556,72.97297297297298
296.8388888888889,79.12087912087912
297.60833333333335,77.9783393501805
298.43611111111113,72.48322147651007
299.24444444444447,74.22680412371133
300.05833333333334,73.72013651877133
300.90555555555557,70.81967213114754
301.7472222222222,71.2871287128713
302.51944444444445,77.6978417266187
303.2972222222222,77.14285714285714
304.1111111111111,73.72013651877133
304.92499999999995,73.72013651877133
305.74999999999994,72.72727272727273
306.5611111111111,73.97260273972603
307.4055555555555,71.05263157894737
308.22499999999997,73.22033898305085
308.9805555555555,79.41176470588235
309.8055555555555,72.72727272727273
310.61111111111103,74.48275862068965
311.4277777777777,73.46938775510205
312.2777777777777,70.58823529411765
313.11111111111103,72.0
313.91944444444437,74.22680412371133
314.69722222222214,77.14285714285714
315.4888888888888,75.78947368421053
316.311111111111,72.97297297297298
317.11111111111103,75.0
317.9694444444444,69.90291262135922
318.83333333333326,69.45337620578778
319.6805555555555,70.81967213114754
320.4694444444444,76.05633802816902
321.17222222222216,85.37549407114625
321.8444444444444,89.25619834710743
321.99722222222215,392.7272727272727
322.8055555555555,74.22680412371133
323.69722222222214,67.28971962616822
324.45555555555546,79.12087912087912
325.2999999999999,71.05263157894737
326.1027777777777,74.74048442906575
326.87222222222215,77.9783393501805
327.67499999999995,74.74048442906575
328.4861111111111,73.97260273972603
329.2944444444444,74.22680412371133
330.1722222222222,68.35443037974683
330.96944444444443,75.26132404181185
331.80833333333334,71.52317880794702
332.575,78.26086956521739
333.3638888888889,76.05633802816902
334.18055555555554,73.46938775510205
334.97499999999997,75.52447552447553
335.38888888888886,144.96644295302013
335.80277777777775,144.96644295302013
336.6444444444444,71.2871287128713
337.4833333333333,71.52317880794702
337.9805555555555,120.6703910614525
338.2777777777777,201.86915887850466
339.04444444444437,78.26086956521739
339.8638888888888,73.22033898305085
340.66666666666663,74.74048442906575
341.46944444444443,74.74048442906575
342.3,72.24080267558529
343.15277777777777,70.35830618892508
343.96944444444443,73.46938775510205
344.7472222222222,77.14285714285714
345.55277777777775,74.48275862068965
346.34999999999997,75.26132404181185
347.1555555555555,74.48275862068965
347.99722222222215,71.2871287128713
348.83055555555546,72.0
349.6722222222221,71.2871287128713
350.45277777777767,76.86832740213524
351.23333333333323,76.86832740213524
352.0472222222221,73.72013651877133
352.8444444444443,75.26132404181185
353.661111111111,73.46938775510205
354.5027777777776,71.2871287128713
355.3583333333332,70.12987012987013
356.1527777777776,75.52447552447553
356.92222222222205,77.9783393501805
357.78333333333313,69.6774193548387
358.5277777777776,80.59701492537313
358.9055555555554,158.8235294117647
359.2861111111109,157.66423357664235
360.08333333333314,75.26132404181185
360.87222222222204,76.05633802816902
361.66666666666646,75.52447552447553
362.40555555555534,81.203007518797
363.1499999999998,80.59701492537313
363.94444444444423,75.52447552447553
364.5638888888887,96.8609865470852
364.70555555555535,423.5294117647059
365.4861111111109,76.86832740213524
366.29166666666646,74.48275862068965
367.1249999999998,72.0
367.9194444444442,75.52447552447553
368.6805555555553,78.83211678832117
369.47499999999974,75.52447552447553
370.27222222222196,75.26132404181185
371.07499999999976,74.74048442906575
371.8944444444442,73.22033898305085
372.72777777777753,72.0
373.5833333333331,70.12987012987013
374.36388888888865,76.86832740213524
374.72499999999974,166.15384615384616
375.1416666666664,144.0
375.972222222222,72.24080267558529
376.78055555555534,74.22680412371133
377.6111111111109,72.24080267558529
378.46666666666647,70.12987012987013
379.3055555555554,71.52317880794702
380.12222222222204,73.46938775510205
380.897222222222,77.41935483870968
381.7277777777776,72.24080267558529
382.5277777777776,75.0
382.8916666666665,164.8854961832061
383.33611111111094,135.0
384.08333333333314,80.29739776951672
384.6055555555554,114.89361702127658
384.9305555555554,184.6153846153846
385.75833333333316,72.48322147651007
386.5361111111109,77.14285714285714
387.33611111111094,75.0
388.1416666666665,74.48275862068965
388.9361111111109,75.52447552447553
389.772222222222,71.76079734219269
390.6111111111109,71.52317880794702
391.45555555555535,71.05263157894737
392.3138888888887,69.90291262135922
393.08333333333314,77.9783393501805
393.88055555555536,75.26132404181185
394.65833333333313,77.14285714285714
395.4499999999998,75.78947368421053
396.2749999999998,72.72727272727273
397.12777777777757,70.35830618892508
397.9305555555554,74.74048442906575
398.68333333333317,79.70479704797049
399.49999999999983,73.46938775510205
400.29722222222205,75.26132404181185
401.1027777777776,74.48275862068965
401.9361111111109,72.0
402.8083333333331,68.78980891719745
403.6416666666664,72.0
404.44166666666644,75.0
405.28055555555534,71.52317880794702
406.00277777777757,83.07692307692308
406.7999999999998,75.26132404181185
407.6333333333331,72.0
408.0527777777775,143.04635761589404
408.47222222222194,143.04635761589404
409.32222222222197,70.58823529411765
410.11388888888865,75.78947368421053
410.897222222222,76.59574468085107
411.70555555555535,74.22680412371133
412.49166666666645,76.32508833922262
413.3055555555553,73.72013651877133
414.14722222222196,71.2871287128713
415.0027777777775,70.12987012987013
415.8055555555553,74.74048442906575
416.5805555555553,77.41935483870968
417.4027777777775,72.97297297297298
418.1916666666664,76.05633802816902
418.98055555555527,76.05633802816902
419.80555555555526,72.72727272727273
420.66666666666634,69.6774193548387
421.0305555555552,164.8854961832061
421.3972222222219,163.63636363636365
422.1055555555552,84.70588235294117
422.91666666666634,73.97260273972603
423.7222222222219,74.48275862068965
424.5166666666663,75.52447552447553
425.333333333333,73.46938775510205
426.1666666666663,72.0
427.02499999999964,69.90291262135922
427.8499999999996,72.72727272727273
428.64444444444405,75.52447552447553
429.46666666666624,72.97297297297298
430.2749999999996,74.22680412371133
431.01388888888846,81.203007518797
431.84444444444404,72.24080267558529
432.7138888888885,69.00958466453675
433.1305555555552,144.0
433.5472222222219,144.0
434.32222222222185,77.41935483870968
435.1416666666663,73.22033898305085
435.9305555555552,76.05633802816902
436.7055555555552,77.41935483870968
437.5277777777774,72.97297297297298
438.3722222222218,71.05263157894737
439.2111111111107,71.52317880794702
440.0083333333329,75.26132404181185
440.369444444444,166.15384615384616
440.7333333333329,164.8854961832061
441.5277777777773,75.52447552447553
442.33888888888845,73.97260273972603
443.1972222222218,69.90291262135922
444.0749999999996,68.35443037974683
444.8666666666663,75.78947368421053
445.6722222222218,74.48275862068965
446.06388888888847,153.19148936170214
446.4555555555551,153.19148936170214
447.26666666666625,73.97260273972603
448.05277777777735,76.32508833922262
448.83888888888845,76.32508833922262
449.669444444444,72.24080267558529
450.5277777777774,69.90291262135922
451.3638888888885,71.76079734219269
452.14722222222184,76.59574468085107
452.958333333333,73.97260273972603
453.7611111111108,74.74048442906575
454.54166666666634,76.86832740213524
455.2611111111108,83.3976833976834
456.07499999999965,73.72013651877133
456.94999999999965,68.57142857142857
457.7611111111108,73.97260273972603
458.5555555555552,75.52447552447553
459.3805555555552,72.72727272727273
460.183333333333,74.74048442906575
460.933333333333,80.0
461.7638888888886,72.24080267558529
462.62499999999966,69.6774193548387
463.458333333333,72.0
464.23333333333295,77.41935483870968
465.0527777777774,73.22033898305085
465.8444444444441,75.78947368421053
466.62222222222186,77.14285714285714
467.4416666666663,73.22033898305085
468.29166666666634,70.58823529411765
469.13055555555525,71.52317880794702
469.93055555555526,75.0
470.73055555555527,75.0
471.5249999999997,75.52447552447553
472.30555555555526,76.86832740213524
473.1249999999997,73.22033898305085
473.4944444444442,162.406015037594
473.8666666666664,161.19402985074626
474.6527777777775,76.32508833922262
475.4972222222219,71.05263157894737
476.2861111111108,76.05633802816902
477.09722222222194,73.97260273972603
477.8749999999997,77.14285714285714
478.6638888888886,76.05633802816902
479.4888888888886,72.72727272727273
480.3499999999997,69.6774193548387
481.1888888888886,71.52317880794702
482.0138888888886,72.72727272727273
482.83055555555524,73.46938775510205
483.6361111111108,74.48275862068965
484.33611111111077,85.71428571428572
484.7444444444441,146.9387755102041
485.1527777777775,146.9387755102041
485.9972222222219,71.05263157894737
486.8499999999997,70.35830618892508
487.6555555555552,74.48275862068965
488.45555555555524,75.0
489.25555555555525,75.0
490.0305555555552,77.41935483870968
490.83888888888856,74.22680412371133
491.6722222222219,72.0
492.5305555555552,69.90291262135922
493.3472222222219,73.46938775510205
494.1361111111108,76.05633802816902
494.49722222222186,166.15384615384616
494.85833333333295,166.15384615384616
495.6277777777774,77.9783393501805
496.4027777777774,77.41935483870968
497.2388888888885,71.76079734219269
498.1138888888885,68.57142857142857
498.97499999999957,69.6774193548387
499.7749999999996,75.0
500.6166666666662,71.2871287128713
501.34999999999957,81.81818181818183
502.119444444444,77.9783393501805
502.5249999999996,147.94520547945206
502.93055555555515,147.94520547945206
503.76388888888846,72.0
504.41388888888844,92.3076923076923
504.61111111111063,304.2253521126761
505.5027777777773,67.28971962616822
506.2277777777773,82.75862068965517
507.0249999999995,75.26132404181185
507.7999999999995,77.41935483870968
508.5972222222217,75.26132404181185
509.4277777777773,72.24080267558529
510.2888888888884,69.6774193548387
510.65833333333285,162.406015037594
511.0277777777773,162.406015037594
511.78888888888844,78.83211678832117
512.6388888888885,70.58823529411765
513.4361111111107,75.26132404181185
514.2305555555552,75.52447552447553
515.044444444444,73.72013651877133
515.594444444444,109.09090909090908
515.9277777777774,180.0
516.6972222222217,77.9783393501805
517.5111111111106,73.72013651877133
517.9194444444439,146.9387755102041
518.3277777777772,146.9387755102041
519.1222222222217,75.52447552447553
519.8972222222217,77.41935483870968
520.7027777777772,74.48275862068965
521.530555555555,72.48322147651007
522.3833333333328,70.35830618892508
523.2027777777772,73.22033898305085
524.0027777777772,75.0
524.8138888888883,73.97260273972603
525.5833333333327,77.9783393501805
526.3694444444438,76.32508833922262
527.1777777777771,74.22680412371133
527.891666666666,84.04669260700389
528.7555555555549,69.45337620578778
529.5999999999993,71.05263157894737
530.4388888888882,71.52317880794702
531.241666666666,74.74048442906575
532.0305555555549,76.05633802816902
532.7638888888882,81.81818181818183
533.5999999999993,71.76079734219269
534.455555555555,70.12987012987013
535.2722222222217,73.46938775510205
536.080555555555,74.22680412371133
536.8916666666661,73.97260273972603
537.655555555555,78.54545454545455
538.4527777777772,75.26132404181185
539.280555555555,72.48322147651007
540.1416666666661,69.6774193548387
540.9666666666661,72.72727272727273
541.3333333333328,163.63636363636365
541.6999999999995,163.63636363636365
542.5249999999995,72.72727272727273
543.3472222222217,72.97297297297298
544.1499999999995,74.74048442906575
544.9055555555551,79.41176470588235
545.7583333333329,70.35830618892508
546.1777777777774,143.04635761589404
546.5972222222218,143.04635761589404
547.408333333333,73.97260273972603
548.233333333333,72.72727272727273
549.0249999999996,75.78947368421053
549.794444444444,77.9783393501805
550.5972222222218,74.74048442906575
551.4249999999996,72.48322147651007
552.2777777777774,70.35830618892508
553.1055555555552,72.48322147651007
553.8305555555552,82.75862068965517
554.6499999999996,73.22033898305085
555.4555555555552,74.48275862068965
556.2722222222219,73.46938775510205
557.1166666666663,71.05263157894737
557.9055555555552,76.05633802816902
558.733333333333,72.48322147651007
559.5416666666663,74.22680412371133
560.3749999999997,72.0
561.1555555555552,76.86832740213524
561.9138888888886,79.12087912087912
562.7138888888885,75.0
563.5611111111107,70.81967213114754
564.4055555555551,71.05263157894737
565.219444444444,73.72013651877133
566.0499999999995,72.24080267558529
566.4166666666662,163.63636363636365
566.7833333333328,163.63636363636365
567.5083333333329,82.75862068965517
568.3305555555551,72.97297297297298
569.2027777777773,68.78980891719745
570.0666666666663,69.45337620578778
570.8222222222219,79.41176470588235
571.6416666666663,73.22033898305085
572.0499999999996,146.9387755102041
572.4611111111108,145.94594594594597
573.233333333333,77.6978417266187
574.0222222222219,76.05633802816902
574.8305555555552,74.22680412371133
575.6861111111108,70.12987012987013
576.5222222222219,71.76079734219269
577.3277777777774,74.48275862068965
578.1638888888886,71.76079734219269
578.9555555555552,75.78947368421053
579.7083333333329,79.70479704797049
580.0777777777773,162.406015037594
580.4472222222217,162.406015037594
581.2388888888884,75.78947368421053
582.1166666666661,68.35443037974683
582.9527777777772,71.76079734219269
583.8361111111105,67.9245283018868
584.5749999999995,81.203007518797
585.3444444444439,77.9783393501805
585.7416666666661,151.04895104895107
586.1416666666661,150.0
586.9499999999994,74.22680412371133
587.7999999999994,70.58823529411765
588.6249999999994,72.72727272727273
589.4416666666662,73.46938775510205
590.2666666666662,72.72727272727273
591.0388888888884,77.6978417266187
591.8111111111107,77.6978417266187
592.6083333333329,75.26132404181185
593.0083333333329,150.0
593.4111111111107,148.9655172413793
594.2083333333329,75.26132404181185
595.0888888888885,68.13880126182966
595.9749999999996,67.7115987460815
596.6972222222217,83.07692307692308
597.4611111111107,78.54545454545455
597.855555555555,152.11267605633805
598.2499999999994,152.11267605633805
599.0722222222216,72.97297297297298
599.9249999999994,70.35830618892508
600.7499999999994,72.72727272727273
601.5777777777772,72.48322147651007
602.3888888888883,73.97260273972603
603.1527777777773,78.54545454545455
603.5277777777773,160.0
603.905555555555,158.8235294117647
604.6583333333327,79.70479704797049
605.5833333333327,64.86486486486486
606.4472222222216,69.45337620578778
607.1888888888883,80.89887640449437
607.6111111111105,142.10526315789474
608.0333333333327,142.10526315789474
608.8111111111106,77.14285714285714
609.580555555555,77.9783393501805
610.3694444444438,76.05633802816902
611.2083333333327,71.52317880794702
612.0555555555549,70.81967213114754
612.8694444444437,73.72013651877133
613.7166666666659,70.81967213114754
614.4999999999992,76.59574468085107
615.2861111111104,76.32508833922262
616.1222222222215,71.76079734219269
616.8833333333325,78.83211678832117
617.7333333333326,70.58823529411765
618.5611111111103,72.48322147651007
619.3972222222214,71.76079734219269
620.2194444444436,72.97297297297298
620.988888888888,77.9783393501805
621.7749999999992,76.32508833922262
622.5722222222214,75.26132404181185
623.4249999999992,70.35830618892508
624.1888888888881,78.54545454545455
625.0111111111103,72.97297297297298
625.8999999999992,67.5
626.738888888888,71.52317880794702
627.4305555555547,86.74698795180723
628.2249999999992,75.52447552447553
629.0555555555547,72.24080267558529
629.8944444444436,71.52317880794702
630.7166666666658,72.97297297297298
631.5666666666658,70.58823529411765
632.3694444444436,74.74048442906575
633.1416666666659,77.6978417266187
633.9249999999992,76.59574468085107
634.7249999999991,75.0
635.1249999999991,150.0
635.5277777777769,148.9655172413793
636.3361111111102,74.22680412371133
637.1944444444435,69.90291262135922
638.0749999999991,68.13880126182966
638.7999999999992,82.75862068965517
639.5749999999991,77.41935483870968
639.9749999999991,150.0
640.3777777777769,148.9655172413793
641.2222222222214,71.05263157894737
642.0583333333325,71.76079734219269
642.8777777777769,73.22033898305085
643.727777777777,70.58823529411765
644.5166666666659,76.05633802816902
645.2694444444436,79.70479704797049
646.0527777777769,76.59574468085107
646.8777777777769,72.72727272727273
647.2722222222213,152.11267605633805
647.6694444444436,151.04895104895107
648.463888888888,75.52447552447553
649.3555555555547,67.28971962616822
650.2166666666658,69.6774193548387
650.9305555555546,84.04669260700389
651.324999999999,152.11267605633805
651.7194444444434,152.11267605633805
652.5194444444434,75.0
653.3527777777767,72.0
654.1833333333323,72.24080267558529
655.0222222222211,71.52317880794702
655.8444444444433,72.97297297297298
656.6249999999989,76.86832740213524
657.41111111111,76.32508833922262
658.1972222222212,76.32508833922262
659.0083333333323,73.97260273972603
659.8555555555545,70.81967213114754
660.7222222222211,69.23076923076923
661.5444444444433,72.97297297297298
662.3444444444433,75.0
663.0999999999989,79.41176470588235
663.88611111111,76.32508833922262
664.7111111111101,72.72727272727273
665.5388888888879,72.48322147651007
666.3583333333323,73.22033898305085
667.2222222222213,69.45337620578778
668.038888888888,73.46938775510205
668.7833333333324,80.59701492537313
669.5694444444435,76.32508833922262
670.4305555555546,69.6774193548387
671.2027777777769,77.6978417266187
672.0277777777769,72.72727272727273
672.8777777777769,70.58823529411765
673.713888888888,71.76079734219269
674.488888888888,77.41935483870968
675.2777777777769,76.05633802816902
676.0666666666658,76.05633802816902
676.8944444444436,72.48322147651007
677.7249999999991,72.24080267558529
678.4972222222214,77.6978417266187
679.3777777777769,68.13880126182966
680.2444444444436,69.23076923076923
680.9444444444437,85.71428571428572
681.7305555555548,76.32508833922262
682.5555555555549,72.72727272727273
683.3888888888882,72.0
684.2083333333327,73.22033898305085
685.0777777777771,69.00958466453675
685.8944444444438,73.46938775510205
686.6555555555549,78.83211678832117
687.4361111111104,76.86832740213524
688.1694444444438,81.81818181818183
689.0194444444438,70.58823529411765
689.9222222222216,66.46153846153847
690.6888888888883,78.26086956521739
691.5277777777771,71.52317880794702
692.3111111111104,76.59574468085107
693.0972222222216,76.32508833922262
693.8888888888882,75.78947368421053
694.7194444444438,72.24080267558529
695.5388888888882,73.22033898305085
696.3611111111104,72.97297297297298
697.2249999999993,69.45337620578778
698.0194444444438,75.52447552447553
698.705555555555,87.4493927125506
699.5527777777771,70.81967213114754
700.3249999999994,77.6978417266187
701.1499999999994,72.72727272727273
701.9749999999995,72.72727272727273
702.8305555555551,70.12987012987013
703.6666666666662,71.76079734219269
704.444444444444,77.14285714285714
705.2277777777773,76.59574468085107
706.0222222222218,75.52447552447553
706.8472222222218,72.72727272727273
707.6611111111107,73.72013651877133
708.4833333333329,72.97297297297298
709.3638888888885,68.13880126182966
710.1999999999996,71.76079734219269
710.9222222222218,83.07692307692308
711.7138888888884,75.78947368421053
712.5249999999995,73.97260273972603
713.344444444444,73.22033898305085
714.1666666666662,72.97297297297298
715.0361111111106,69.00958466453675
715.8527777777773,73.46938775510205
716.6166666666662,78.54545454545455
717.3888888888885,77.6978417266187
718.2138888888885,72.72727272727273
719.019444444444,74.48275862068965
719.8444444444441,72.72727272727273
720.7111111111108,69.23076923076923
721.5388888888886,72.48322147651007
722.3222222222219,76.59574468085107
723.1027777777774,76.86832740213524
723.883333333333,76.86832740213524
724.708333333333,72.72727272727273
725.5249999999997,73.46938775510205
726.2444444444442,83.3976833976834
727.1444444444442,66.66666666666667
727.9416666666664,75.26132404181185
728.7194444444442,77.14285714285714
729.5083333333331,76.05633802816902
730.322222222222,73.72013651877133
731.1305555555552,74.22680412371133
731.9527777777774,72.97297297297298
732.8166666666664,69.45337620578778
733.6138888888886,75.26132404181185
734.4388888888886,72.72727272727273
735.1777777777776,81.203007518797
735.9888888888887,73.97260273972603
736.8027777777776,73.72013651877133
737.6166666666664,73.72013651877133
738.4805555555554,69.45337620578778
739.3249999999998,71.05263157894737
740.1138888888887,76.05633802816902
740.897222222222,76.59574468085107
741.6833333333332,76.32508833922262
742.4722222222221,76.05633802816902
743.2861111111109,73.72013651877133
744.1861111111109,66.66666666666667
744.9944444444442,74.22680412371133
745.7916666666664,75.26132404181185
746.5861111111109,75.52447552447553
747.3694444444442,76.59574468085107
748.1861111111109,73.46938775510205
748.9888888888887,74.74048442906575
749.8055555555554,73.46938775510205
750.686111111111,68.13880126182966
751.5055555555555,73.22033898305085
752.2777777777777,77.6978417266187
752.9749999999999,86.05577689243029
753.8027777777777,72.48322147651007
754.6277777777777,72.72727272727273
755.4749999999999,70.81967213114754
756.2833333333332,74.22680412371133
757.1194444444443,71.76079734219269
757.9194444444443,75.0
758.7027777777776,76.59574468085107
759.4833333333331,76.86832740213524
760.2944444444443,73.97260273972603
761.1083333333331,73.72013651877133
761.9499999999998,71.2871287128713
762.8055555555554,70.12987012987013
763.6138888888887,74.22680412371133
764.3444444444443,82.12927756653993
765.1499999999999,74.48275862068965
766.0249999999999,68.57142857142857
766.7694444444443,80.59701492537313
767.5888888888887,73.22033898305085
768.4583333333331,69.00958466453675
769.2805555555553,72.97297297297298
770.0611111111109,76.86832740213524
770.8444444444442,76.59574468085107
771.647222222222,74.74048442906575
772.447222222222,75.0
773.2472222222219,75.0
774.1138888888886,69.23076923076923
775.0222222222219,66.05504587155963
775.758333333333,81.50943396226414
776.5527777777775,75.52447552447553
777.3388888888886,76.32508833922262
778.1361111111108,75.26132404181185
778.9361111111108,75.0
779.7777777777775,71.2871287128713
780.6333333333331,70.12987012987013
781.4444444444442,73.97260273972603
782.247222222222,74.74048442906575
783.0333333333332,76.32508833922262
783.8472222222221,73.72013651877133
784.6444444444443,75.26132404181185
785.4527777777776,74.22680412371133
786.3333333333331,68.13880126182966
787.1666666666665,72.0
787.9416666666665,77.41935483870968
788.7277777777776,76.32508833922262
789.5333333333332,74.48275862068965
790.3333333333331,75.0
791.122222222222,76.05633802816902
792.0027777777776,68.13880126182966
792.8472222222221,71.05263157894737
793.6527777777776,74.48275862068965
794.4416666666665,76.05633802816902
795.2277777777776,76.32508833922262
796.0277777777776,75.0
796.8194444444442,75.78947368421053
797.6527777777776,72.0
798.5444444444443,67.28971962616822
799.3222222222221,77.14285714285714
800.1333333333332,73.97260273972603
800.9194444444444,76.32508833922262
801.7194444444443,75.0
802.511111111111,75.78947368421053
803.3222222222221,73.97260273972603
804.1972222222221,68.57142857142857
805.0277777777776,72.24080267558529
805.7861111111109,79.12087912087912
806.5861111111109,75.0
807.4499999999998,69.45337620578778
808.2027777777776,79.70479704797049
808.997222222222,75.52447552447553
809.8694444444443,68.78980891719745
810.7166666666665,70.81967213114754
811.511111111111,75.52447552447553
812.2972222222221,76.32508833922262
813.086111111111,76.05633802816902
813.8805555555555,75.52447552447553
814.5999999999999,83.3976833976834
815.4777777777776,68.35443037974683
816.3916666666665,65.65349544072949
817.136111111111,80.59701492537313
817.9583333333331,72.97297297297298
818.7416666666664,76.59574468085107
819.5444444444443,74.74048442906575
820.3249999999998,76.86832740213524
821.1305555555554,74.48275862068965
821.9999999999998,69.00958466453675
822.8249999999998,72.72727272727273
823.5694444444442,80.59701492537313
824.4055555555553,71.76079734219269
825.197222222222,75.78947368421053
825.9916666666664,75.52447552447553
826.7777777777776,76.32508833922262
827.6444444444443,69.23076923076923
828.497222222222,70.35830618892508
829.2999999999998,74.74048442906575
830.0916666666665,75.78947368421053
830.8916666666664,75.0
831.6583333333331,78.26086956521739
832.4833333333331,72.72727272727273
833.2999999999998,73.46938775510205
834.1611111111109,69.6774193548387
834.9777777777776,73.46938775510205
835.7944444444444,73.46938775510205
836.586111111111,75.78947368421053
837.3833333333332,75.26132404181185
838.161111111111,77.14285714285714
838.9749999999999,73.72013651877133
839.8499999999999,68.57142857142857
840.6499999999999,75.0
841.4749999999999,72.72727272727273
842.2638888888888,76.05633802816902
843.0749999999999,73.97260273972603
843.8583333333332,76.59574468085107
844.6444444444444,76.32508833922262
845.5111111111111,69.23076923076923
846.3555555555555,71.05263157894737
847.2249999999999,69.00958466453675
847.9583333333333,81.81818181818183
848.7638888888888,74.48275862068965
849.5583333333333,75.52447552447553
850.3388888888888,76.86832740213524
851.1777777777777,71.52317880794702
852.0305555555555,70.35830618892508
852.8527777777776,72.97297297297298
853.6777777777777,72.72727272727273
854.4499999999999,77.6978417266187
855.2555555555555,74.48275862068965
856.0305555555555,77.41935483870968
856.8388888888887,74.22680412371133
857.6944444444443,70.12987012987013
858.5138888888888,73.22033898305085
859.3472222222222,72.0
860.1277777777777,76.86832740213524
860.9666666666666,71.52317880794702
861.736111111111,77.9783393501805
862.5222222222221,76.32508833922262
863.3833333333332,69.6774193548387
864.2222222222221,71.52317880794702
865.0333333333332,73.97260273972603
865.836111111111,74.74048442906575
866.6444444444443,74.22680412371133
867.3944444444443,80.0
868.1916666666665,75.26132404181185
869.1166666666664,64.86486486486486
869.8944444444443,77.14285714285714
870.711111111111,73.46938775510205
871.5416666666665,72.24080267558529
872.3388888888887,75.26132404181185
873.136111111111,75.26132404181185
873.9083333333332,77.6978417266187
874.7166666666665,74.22680412371133
875.5499999999998,72.0
876.4138888888888,69.45337620578778
877.2138888888887,75.0
878.0249999999999,73.97260273972603
878.836111111111,73.97260273972603
879.6083333333332,77.6978417266187
880.3861111111111,77.14285714285714
881.25,69.45337620578778
882.0861111111111,71.76079734219269
882.8777777777777,75.78947368421053
883.6999999999999,72.97297297297298
884.5777777777777,68.35443037974683
885.311111111111,81.81818181818183
886.086111111111,77.41935483870968
886.9166666666665,72.24080267558529
887.7638888888887,70.81967213114754
888.5861111111109,72.97297297297298
889.4027777777776,73.46938775510205
890.2055555555554,74.74048442906575
891.0222222222221,73.46938775510205
891.8388888888888,73.46938775510205
892.5888888888888,80.0
893.4388888888889,70.58823529411765
894.2583333333333,73.22033898305085
895.0916666666667,72.0
895.9027777777778,73.97260273972603
896.7083333333334,74.48275862068965
897.4916666666667,76.59574468085107
898.3055555555555,73.72013651877133
899.1055555555555,75.0
899.9333333333333,72.48322147651007
900.7527777777777,73.22033898305085
901.5749999999999,72.97297297297298
902.3972222222221,72.97297297297298
903.175,77.14285714285714
903.9805555555555,74.48275862068965
904.8138888888889,72.0
905.6194444444444,74.48275862068965
906.4388888888889,73.22033898305085
907.2611111111111,72.97297297297298
908.0805555555555,73.22033898305085
908.8777777777777,75.26132404181185
909.6444444444444,78.26086956521739
910.4805555555555,71.76079734219269
911.3305555555555,70.58823529411765
912.1138888888888,76.59574468085107
912.9499999999999,71.76079734219269
913.7638888888888,73.72013651877133
914.5749999999999,73.97260273972603
915.3416666666666,78.26086956521739
916.1333333333332,75.78947368421053
916.9833333333332,70.58823529411765
917.8416666666666,69.90291262135922
918.6222222222221,76.86832740213524
919.4499999999999,72.48322147651007
920.2666666666667,73.46938775510205
921.0444444444445,77.14285714285714
921.8111111111111,78.26086956521739
922.6472222222222,71.76079734219269
923.4694444444444,72.97297297297298
924.2888888888889,73.22033898305085
925.1083333333333,73.22033898305085
925.8944444444445,76.32508833922262
926.7194444444445,72.72727272727273
927.4916666666668,77.6978417266187
928.3111111111112,73.22033898305085
929.1361111111113,72.72727272727273
929.9333333333335,75.26132404181185
930.7722222222224,71.52317880794702
931.6722222222223,66.66666666666667
932.4222222222223,80.0
933.1944444444446,77.6978417266187
933.9805555555557,76.32508833922262
934.8111111111112,72.24080267558529
935.627777777778,73.46938775510205
936.4611111111113,72.0
937.2694444444446,74.22680412371133
938.113888888889,71.05263157894737
938.9472222222224,72.0
939.6638888888891,83.72093023255813
940.4944444444446,72.24080267558529
941.3111111111114,73.46938775510205
942.1333333333336,72.97297297297298
942.9611111111113,72.48322147651007
943.7972222222224,71.76079734219269
944.5888888888891,75.78947368421053
945.3555555555557,78.26086956521739
946.2250000000001,69.00958466453675
947.002777777778,77.14285714285714
947.8250000000002,72.97297297297298
948.6611111111113,71.76079734219269
949.4944444444446,72.0
950.3027777777779,74.22680412371133
951.0722222222223,77.9783393501805
951.8694444444445,75.26132404181185
952.6805555555557,73.97260273972603
953.5500000000001,69.00958466453675
954.3444444444445,75.52447552447553
955.1777777777779,72.0
956.0111111111113,72.0
956.7861111111113,77.41935483870968
957.5527777777779,78.26086956521739
958.388888888889,71.76079734219269
959.2083333333335,73.22033898305085
960.0277777777779,73.22033898305085
960.8555555555557,72.48322147651007
961.6972222222224,71.2871287128713
962.4833333333336,76.32508833922262
963.2500000000002,78.26086956521739
964.0722222222224,72.97297297297298
964.8861111111113,73.72013651877133
965.702777777778,73.46938775510205
966.5500000000002,70.81967213114754
967.3611111111113,73.97260273972603
968.1805555555558,73.22033898305085
968.9583333333336,77.14285714285714
969.7500000000002,75.78947368421053
970.566666666667,73.46938775510205
971.3833333333337,73.46938775510205
972.2194444444448,71.76079734219269
973.0555555555559,71.76079734219269
973.8888888888893,72.0
974.6666666666671,77.14285714285714
975.4444444444449,77.14285714285714
976.2611111111116,73.46938775510205
977.0638888888894,74.74048442906575
977.8861111111116,72.97297297297298
978.7166666666672,72.24080267558529
979.555555555556,71.52317880794702
980.355555555556,75.0
981.1194444444449,78.54545454545455
981.9444444444449,72.72727272727273
982.7527777777782,74.22680412371133
983.5527777777781,75.0
984.3888888888893,71.76079734219269
985.241666666667,70.35830618892508
985.991666666667,80.0
986.8000000000003,74.22680412371133
987.5972222222225,75.26132404181185
988.402777777778,74.48275862068965
989.2138888888892,73.97260273972603
990.0555555555559,71.2871287128713
990.8861111111114,72.24080267558529
991.7250000000003,71.52317880794702
992.5027777777781,77.14285714285714
993.2833333333336,76.86832740213524
994.066666666667,76.59574468085107
994.902777777778,71.76079734219269
995.802777777778,66.66666666666667
996.5694444444447,78.26086956521739
997.4194444444447,70.58823529411765
998.202777777778,76.59574468085107
998.9722222222224,77.9783393501805
999.7944444444446,72.97297297297298
1000.5861111111112,75.78947368421053
1001.3944444444445,74.22680412371133
1002.1500000000001,79.41176470588235
1003.0444444444445,67.0807453416149
1003.8472222222223,74.74048442906575
1004.6194444444445,77.6978417266187
1005.4333333333334,73.72013651877133
1006.2361111111112,74.74048442906575
1007.0277777777778,75.78947368421053
1007.8611111111112,72.0
1008.7027777777779,71.2871287128713
1009.513888888889,73.97260273972603
1010.3222222222223,74.22680412371133
1011.1833333333334,69.6774193548387
1011.9166666666667,81.81818181818183
1012.713888888889,75.26132404181185
1013.5472222222223,72.0
1014.3861111111112,71.52317880794702
1015.2472222222223,69.6774193548387
1016.0472222222222,75.0
1016.8138888888889,78.26086956521739
1017.6277777777777,73.72013651877133
1018.4166666666666,76.05633802816902
1019.2138888888888,75.26132404181185
1020.0583333333333,71.05263157894737
1020.911111111111,70.35830618892508
1021.7249999999999,73.72013651877133
1022.5027777777777,77.14285714285714
1023.3194444444445,73.46938775510205
1024.1222222222223,74.74048442906575
1024.8972222222224,77.41935483870968
1025.7333333333336,71.76079734219269
1026.5833333333335,70.58823529411765
1027.4194444444447,71.76079734219269
1028.2083333333335,76.05633802816902
1029.002777777778,75.52447552447553
1029.802777777778,75.0
1030.6027777777779,75.0
1031.4194444444445,73.46938775510205
1032.2666666666667,70.81967213114754
1033.1166666666666,70.58823529411765
1033.9138888888888,75.26132404181185
1034.6944444444443,76.86832740213524
1035.5083333333332,73.72013651877133
1036.3,75.78947368421053
1037.1083333333333,74.22680412371133
1038.0083333333334,66.66666666666667
1038.802777777778,75.52447552447553
1039.6166666666668,73.72013651877133
1040.388888888889,77.6978417266187
1041.213888888889,72.72727272727273
1042.0055555555557,75.78947368421053
1042.7861111111113,76.86832740213524
1043.577777777778,75.78947368421053
1044.4638888888892,67.7115987460815
1045.2888888888892,72.72727272727273
1046.0861111111114,75.26132404181185
1046.8944444444448,74.22680412371133
1047.6888888888893,75.52447552447553
1048.477777777778,76.05633802816902
1049.3027777777781,72.72727272727273
1050.1388888888894,71.76079734219269
1050.9500000000005,73.97260273972603
1051.7694444444448,73.22033898305085
1052.6250000000005,70.12987012987013
1053.380555555556,79.41176470588235
1054.152777777778,77.6978417266187
1054.9611111111114,74.22680412371133
1055.7972222222227,71.76079734219269
1056.6611111111115,69.45337620578778
1057.4833333333338,72.97297297297298
1058.2638888888894,76.86832740213524
1059.0277777777783,78.54545454545455
1059.8805555555562,70.35830618892508
1060.619444444445,81.203007518797
1061.444444444445,72.72727272727273
1062.305555555556,69.6774193548387
1063.1388888888894,72.0
1063.9250000000004,76.32508833922262
1064.741666666667,73.46938775510205
1065.5333333333338,75.78947368421053
1066.2638888888894,82.12927756653993
1067.105555555556,71.2871287128713
1068.0222222222228,65.45454545454545
1068.8027777777784,76.86832740213524
1069.6138888888895,73.97260273972603
1070.4166666666672,74.74048442906575
1071.2138888888894,75.26132404181185
1071.994444444445,76.86832740213524
1072.8083333333338,73.72013651877133
1073.6388888888894,72.24080267558529
1074.5138888888894,68.57142857142857
1075.3083333333338,75.52447552447553
1076.1000000000006,75.78947368421053
1076.9166666666672,73.46938775510205
1077.6972222222228,76.86832740213524
1078.4722222222229,77.41935483870968
1079.3000000000006,72.48322147651007
1080.1638888888895,69.45337620578778
1081.008333333334,71.05263157894737
1081.7888888888895,76.86832740213524
1082.619444444445,72.24080267558529
1083.4083333333338,76.05633802816902
1084.1750000000004,78.26086956521739
1084.9750000000004,75.0
1085.8250000000003,70.58823529411765
1086.6722222222224,70.81967213114754
1087.488888888889,73.46938775510205
1088.288888888889,75.0
1089.0861111111112,75.26132404181185
1089.8583333333333,77.6978417266187
1090.6666666666667,74.22680412371133
1091.4944444444445,72.48322147651007
1092.3500000000001,70.12987012987013
1093.1833333333334,72.0
1094.0361111111113,70.35830618892508
1094.788888888889,79.70479704797049
1095.563888888889,77.41935483870968
1096.3527777777779,76.05633802816902
1097.1694444444445,73.46938775510205
1098.0416666666667,68.78980891719745
1098.8694444444445,72.48322147651007
1099.6527777777778,76.59574468085107
1100.5166666666667,69.45337620578778
1101.2722222222221,79.41176470588235
1102.036111111111,78.54545454545455
1102.8472222222222,73.97260273972603
1103.697222222222,70.58823529411765
1104.5388888888888,71.2871287128713
1105.3555555555554,73.46938775510205
1106.1833333333332,72.48322147651007
1106.9805555555554,75.26132404181185
1107.7888888888888,74.22680412371133
1108.5333333333333,80.59701492537313
1109.3638888888888,72.24080267558529
1110.2166666666667,70.35830618892508
1111.036111111111,73.22033898305085
1111.861111111111,72.72727272727273
1112.6666666666667,74.48275862068965
1113.4388888888889,77.6978417266187
1114.2027777777778,78.54545454545455
1115.0666666666666,69.45337620578778
1115.911111111111,71.05263157894737
1116.7444444444443,72.0
1117.547222222222,74.74048442906575
1118.3749999999998,72.48322147651007
1119.1611111111108,76.32508833922262
1119.922222222222,78.83211678832117
1120.722222222222,75.0
1121.583333333333,69.6774193548387
1122.3749999999998,75.78947368421053
1123.2249999999997,70.58823529411765
1124.0638888888886,71.52317880794702
1124.8583333333331,75.52447552447553
1125.6194444444443,78.83211678832117
1126.4138888888888,75.52447552447553
1127.2416666666666,72.48322147651007
1128.086111111111,71.05263157894737
1128.9055555555553,73.22033898305085
1129.7361111111109,72.24080267558529
1130.5388888888886,74.74048442906575
1131.3638888888886,72.72727272727273
1132.0999999999997,81.50943396226414
1132.9111111111108,73.97260273972603
1133.772222222222,69.6774193548387
1134.597222222222,72.72727272727273
1135.422222222222,72.72727272727273
1136.247222222222,72.72727272727273
1137.011111111111,78.54545454545455
1137.7805555555553,77.9783393501805
1138.5888888888887,74.22680412371133
1139.4499999999998,69.6774193548387
1140.2888888888888,71.52317880794702
1141.1,73.97260273972603
1141.9444444444443,71.05263157894737
1142.736111111111,75.78947368421053
1143.4888888888888,79.70479704797049
1144.3027777777777,73.72013651877133
1145.1833333333332,68.13880126182966
1145.9583333333333,77.41935483870968
1146.7722222222221,73.72013651877133
1147.625,70.35830618892508
1148.425,75.0
1149.1888888888889,78.54545454545455
1149.9777777777776,76.05633802816902
1150.8138888888889,71.76079734219269
1151.6222222222223,74.22680412371133
1152.4555555555555,72.0
1153.2888888888888,72.0
1154.1055555555554,73.46938775510205
1154.8805555555555,77.41935483870968
1155.6694444444443,76.05633802816902
1156.4805555555554,73.97260273972603
1157.3166666666666,71.76079734219269
1158.1444444444444,72.48322147651007
1158.9694444444444,72.72727272727273
1159.8166666666666,70.81967213114754
1160.6,76.59574468085107
1161.3638888888888,78.54545454545455
1162.1555555555556,75.78947368421053
1162.975,73.22033898305085
1163.8055555555554,72.24080267558529
1164.6333333333332,72.48322147651007
1165.5027777777777,69.00958466453675
1166.3055555555554,74.74048442906575
1167.0638888888889,79.12087912087912
1167.8416666666667,77.14285714285714
1168.663888888889,72.97297297297298
1169.4972222222223,72.0
1170.2722222222224,77.41935483870968
1171.1722222222224,66.66666666666667
1172.038888888889,69.23076923076923
1172.7500000000002,84.375
1173.541666666667,75.78947368421053
1174.327777777778,76.32508833922262
1175.1638888888892,71.76079734219269
1176.0000000000005,71.76079734219269
1176.830555555556,72.24080267558529
1177.669444444445,71.52317880794702
1178.4027777777783,81.81818181818183
1179.2277777777783,72.72727272727273
1179.9972222222227,77.9783393501805
1180.8416666666672,71.05263157894737
1181.669444444445,72.48322147651007
1182.4888888888893,73.22033898305085
1183.3555555555558,69.23076923076923
1184.1472222222226,75.78947368421053
1184.905555555556,79.12087912087912
1185.655555555556,80.0
1186.508333333334,70.35830618892508
1187.3250000000005,73.46938775510205
1188.155555555556,72.24080267558529
1189.0111111111116,70.12987012987013
1189.8361111111117,72.72727272727273
1190.6083333333338,77.6978417266187
1191.391666666667,76.59574468085107
1192.1888888888893,75.26132404181185
1193.016666666667,72.48322147651007
1193.8472222222226,72.24080267558529
1194.6833333333338,71.76079734219269
1195.5277777777783,71.05263157894737
1196.305555555556,77.14285714285714
1197.094444444445,76.05633802816902
1197.8833333333337,76.05633802816902
1198.7083333333337,72.72727272727273
1199.5333333333338,72.72727272727273
1200.4000000000003,69.23076923076923
1201.216666666667,73.46938775510205
1202.0305555555558,73.72013651877133
1202.791666666667,78.83211678832117
1203.5750000000003,76.59574468085107
1204.3944444444446,73.22033898305085
1205.2111111111112,73.46938775510205
1206.0472222222224,71.76079734219269
1206.9472222222225,66.66666666666667
1207.727777777778,76.86832740213524
1208.4972222222225,77.9783393501805
1209.2750000000003,77.14285714285714
1210.0694444444448,75.52447552447553
1210.8888888888891,73.22033898305085
1211.7111111111114,72.97297297297298
1212.591666666667,68.13880126182966
1213.4055555555558,73.72013651877133
1214.202777777778,75.26132404181185
1214.9861111111113,76.59574468085107
1215.7694444444446,76.59574468085107
1216.588888888889,73.22033898305085
1217.4027777777778,73.72013651877133
1218.2416666666668,71.52317880794702
1219.1250000000002,67.9245283018868
1219.8888888888891,78.54545454545455
1220.6750000000002,76.32508833922262
1221.4555555555557,76.86832740213524
1222.275,73.22033898305085
1223.0916666666667,73.46938775510205
1223.911111111111,73.22033898305085
1224.7833333333333,68.78980891719745
1225.6055555555556,72.97297297297298
1226.3666666666668,78.83211678832117
1227.1472222222224,76.86832740213524
1227.9583333333335,73.97260273972603
1228.7611111111112,74.74048442906575
1229.575,73.72013651877133
1230.4472222222223,68.78980891719745
1231.2805555555556,72.0
1232.0166666666667,81.50943396226414
1232.875,69.90291262135922
1233.6166666666666,80.89887640449437
1234.4305555555554,73.72013651877133
1235.2444444444443,73.72013651877133
1236.0944444444442,70.58823529411765
1236.9444444444441,70.58823529411765
1237.7499999999998,74.48275862068965
1238.5416666666665,75.78947368421053
1239.286111111111,80.59701492537313
1240.1333333333332,70.81967213114754
1240.9194444444443,76.32508833922262
1241.7499999999998,72.24080267558529
1242.6194444444443,69.00958466453675
1243.436111111111,73.46938775510205
1244.222222222222,76.32508833922262
1245.0055555555552,76.59574468085107
1245.811111111111,74.48275862068965
1246.6111111111109,75.0
1247.4138888888886,74.74048442906575
1248.347222222222,64.28571428571428
1249.1305555555552,76.59574468085107
1249.9166666666663,76.32508833922262
1250.6972222222219,76.86832740213524
1251.4972222222218,75.0
1252.2861111111106,76.05633802816902
1253.0861111111105,75.0
1253.9583333333328,68.78980891719745
1254.769444444444,73.97260273972603
1255.6194444444438,70.58823529411765
1256.3972222222217,77.14285714285714
1257.1833333333327,76.32508833922262
1257.9861111111104,74.74048442906575
1258.788888888888,74.74048442906575
1259.6222222222214,72.0
1260.4805555555547,69.90291262135922
1261.2972222222213,73.46938775510205
1262.102777777777,74.48275862068965
1262.9361111111102,72.0
1263.6944444444437,79.12087912087912
1264.4805555555547,76.32508833922262
1265.2944444444436,73.72013651877133
1266.1722222222213,68.35443037974683
1266.9944444444436,72.97297297297298
1267.788888888888,75.52447552447553
1268.5777777777769,76.05633802816902
1269.4055555555547,72.48322147651007
1270.1722222222213,78.26086956521739
1270.9666666666658,75.52447552447553
1271.838888888888,68.78980891719745
1272.6749999999993,71.76079734219269
1273.4749999999992,75.0
1274.266666666666,75.78947368421053
1275.0722222222216,74.48275862068965
1275.894444444444,72.97297297297298
1276.6472222222217,79.70479704797049
1277.4999999999995,70.35830618892508
1278.3527777777774,70.35830618892508
1279.1749999999997,72.97297297297298
1279.9916666666663,73.46938775510205
1280.7749999999996,76.59574468085107
1281.5916666666662,73.46938775510205
1282.3555555555552,78.54545454545455
1283.1722222222218,73.46938775510205
1284.0472222222218,68.57142857142857
1284.8722222222218,72.72727272727273
1285.6749999999995,74.74048442906575
1286.4666666666662,75.78947368421053
1287.2777777777774,73.97260273972603
1288.0611111111107,76.59574468085107
1288.8472222222217,76.32508833922262
1289.733333333333,67.7115987460815
1290.5722222222219,71.52317880794702
1291.3749999999995,74.74048442906575
1292.169444444444,75.52447552447553
1292.9638888888885,75.52447552447553
1293.7555555555552,75.78947368421053
1294.4861111111109,82.12927756653993
1295.4111111111108,64.86486486486486
1296.2194444444442,74.22680412371133
1297.0416666666665,72.97297297297298
1297.8527777777776,73.97260273972603
1298.6416666666664,76.05633802816902
1299.436111111111,75.52447552447553
1300.222222222222,76.32508833922262
1301.0444444444443,72.97297297297298
1301.8388888888887,75.52447552447553
1302.6999999999998,69.6774193548387
1303.511111111111,73.97260273972603
1304.3083333333332,75.26132404181185
1305.1166666666666,74.22680412371133
1305.8972222222221,76.86832740213524
1306.686111111111,76.05633802816902
1307.5527777777775,69.23076923076923
1308.383333333333,72.24080267558529
1309.183333333333,75.0
1309.9277777777775,80.59701492537313
1310.808333333333,68.13880126182966
1311.5499999999995,80.89887640449437
1312.330555555555,76.86832740213524
1313.1888888888884,69.90291262135922
1314.0249999999996,71.76079734219269
1314.8388888888885,73.72013651877133
1315.6499999999996,73.97260273972603
1316.4527777777773,74.74048442906575
1317.2083333333328,79.41176470588235
1317.9944444444438,76.32508833922262
1318.8333333333328,71.52317880794702
1319.6861111111107,70.35830618892508
1320.5138888888885,72.48322147651007
1321.344444444444,72.24080267558529
1322.144444444444,75.0
1322.9472222222216,74.74048442906575
1323.7194444444438,77.6978417266187
1324.5111111111105,75.78947368421053
1325.3972222222217,67.7115987460815
1326.194444444444,75.26132404181185
1327.0222222222217,72.48322147651007
1327.830555555555,74.22680412371133
1328.6416666666662,73.97260273972603
1329.419444444444,77.14285714285714
1330.1916666666662,77.6978417266187
1331.0499999999995,69.90291262135922
1331.8777777777773,72.48322147651007
1332.6888888888884,73.97260273972603
1333.5166666666662,72.48322147651007
1334.3333333333328,73.46938775510205
1335.1111111111106,77.14285714285714
1335.8833333333328,77.6978417266187
1336.7249999999995,71.2871287128713
1337.5583333333327,72.0
1338.4055555555549,70.81967213114754
1339.1944444444437,76.05633802816902
1340.0083333333325,73.72013651877133
1340.8083333333325,75.0
1341.5833333333326,77.41935483870968
1342.3888888888882,74.48275862068965
1343.230555555555,71.2871287128713
1344.0805555555548,70.58823529411765
1344.9222222222215,71.2871287128713
1345.7111111111103,76.05633802816902
1346.5249999999992,73.72013651877133
1347.2972222222213,77.6978417266187
1348.0833333333323,76.32508833922262
1348.9166666666656,72.0
1349.73611111111,73.22033898305085
1350.5777777777766,71.2871287128713
1351.3833333333323,74.48275862068965
1352.2083333333323,72.72727272727273
1352.9916666666657,76.59574468085107
1353.7583333333323,78.26086956521739
1354.5972222222213,71.52317880794702
1355.424999999999,72.48322147651007
1356.238888888888,73.72013651877133
1357.0472222222213,74.22680412371133
1357.9444444444434,66.87306501547987
1358.6916666666657,80.29739776951672
1359.4638888888878,77.6978417266187
1360.2833333333322,73.22033898305085
1361.1083333333322,72.72727272727273
1361.9333333333323,72.72727272727273
1362.7694444444435,71.76079734219269
1363.5222222222212,79.70479704797049
1364.374999999999,70.35830618892508
1365.1333333333325,79.12087912087912
1365.9249999999993,75.78947368421053
1366.7638888888882,71.52317880794702
1367.577777777777,73.72013651877133
1368.4138888888883,71.76079734219269
1369.2472222222216,72.0
1370.0749999999994,72.48322147651007
1370.8472222222215,77.6978417266187
1371.5611111111104,84.04669260700389
1372.4388888888882,68.35443037974683
1373.2472222222216,74.22680412371133
1374.066666666666,73.22033898305085
1374.8972222222214,72.24080267558529
1375.727777777777,72.24080267558529
1376.5249999999992,75.26132404181185
1377.288888888888,78.54545454545455
1378.1138888888881,72.72727272727273
1378.9361111111104,72.97297297297298
1379.691666666666,79.41176470588235
1380.5861111111103,67.0807453416149
1381.388888888888,74.74048442906575
1382.2027777777769,73.72013651877133
1382.9805555555547,77.14285714285714
1383.7722222222214,75.78947368421053
1384.5833333333326,73.97260273972603
1385.3999999999992,73.46938775510205
1386.2416666666659,71.2871287128713
1387.052777777777,73.97260273972603
1387.902777777777,70.58823529411765
1388.7444444444436,71.2871287128713
1389.4583333333326,84.04669260700389
1390.2805555555549,72.97297297297298
1391.0888888888883,74.22680412371133
1391.9083333333326,73.22033898305085
1392.7499999999993,71.2871287128713
1393.5944444444438,71.05263157894737
1394.377777777777,76.59574468085107
1395.1555555555549,77.14285714285714
1396.0277777777771,68.78980891719745
1396.766666666666,81.203007518797
1397.5749999999994,74.22680412371133
1398.4111111111106,71.76079734219269
1399.2638888888885,70.35830618892508
1400.0749999999996,73.97260273972603
1400.844444444444,77.9783393501805
1401.6611111111106,73.46938775510205
1402.5083333333328,70.81967213114754
1403.269444444444,78.83211678832117
1404.1027777777772,72.0
1404.944444444444,71.2871287128713
1405.769444444444,72.72727272727273
1406.544444444444,77.41935483870968
1407.3388888888885,75.52447552447553
1408.1416666666662,74.74048442906575
1408.9472222222219,74.48275862068965
1409.783333333333,71.76079734219269
1410.6194444444443,71.76079734219269
1411.4722222222222,70.35830618892508
1412.25,77.14285714285714
1413.025,77.41935483870968
1413.8472222222224,72.97297297297298
1414.6361111111112,76.05633802816902
1415.4527777777778,73.46938775510205
1416.35,66.87306501547987
1417.1444444444444,75.52447552447553
1417.9416666666666,75.26132404181185
1418.7138888888887,77.6978417266187
1419.536111111111,72.97297297297298
1420.3249999999998,76.05633802816902
1421.122222222222,75.26132404181185
1421.9499999999998,72.48322147651007
1422.8083333333332,69.90291262135922
1423.6333333333332,72.72727272727273
1424.4166666666665,76.59574468085107
1425.2222222222222,74.48275862068965
1426.0277777777778,74.48275862068965
1426.8166666666666,76.05633802816902
1427.6444444444444,72.48322147651007
1428.4888888888888,71.05263157894737
1429.2694444444444,76.86832740213524
1430.1222222222223,70.35830618892508
1430.8861111111112,78.54545454545455
1431.6861111111111,75.0
1432.4694444444444,76.59574468085107
1433.2972222222222,72.48322147651007
1434.1361111111112,71.52317880794702
1434.9916666666668,70.12987012987013
1435.7972222222224,74.48275862068965
1436.5611111111114,78.54545454545455
1437.3194444444448,79.12087912087912
1438.1722222222227,70.35830618892508
1438.9222222222227,80.0
1439.758333333334,71.76079734219269
1440.6250000000005,69.23076923076923
1441.4472222222228,72.97297297297298
1442.230555555556,76.59574468085107
1443.0472222222227,73.46938775510205
1443.8388888888894,75.78947368421053
1444.6027777777783,78.54545454545455
1445.430555555556,72.48322147651007
1446.3527777777783,65.06024096385542
1447.141666666667,76.05633802816902
1447.9388888888893,75.26132404181185
1448.7388888888893,75.0
1449.541666666667,74.74048442906575
1450.3194444444448,77.14285714285714
1451.1388888888891,73.22033898305085
1451.9833333333336,71.05263157894737
1452.8444444444447,69.6774193548387
1453.7055555555557,69.6774193548387
1454.4305555555557,82.75862068965517
1455.2444444444445,73.72013651877133
1456.025,76.86832740213524
1456.825,75.0
1457.6555555555556,72.24080267558529
1458.5194444444444,69.45337620578778
1459.3333333333333,73.72013651877133
1460.1499999999999,73.46938775510205
1460.9388888888886,76.05633802816902
1461.7277777777774,76.05633802816902
1462.4999999999995,77.6978417266187
1463.319444444444,73.22033898305085
1464.180555555555,69.6774193548387
1465.0166666666662,71.76079734219269
1465.8222222222219,74.48275862068965
1466.6138888888886,75.78947368421053
1467.494444444444,68.13880126182966
1468.2055555555553,84.375
1469.011111111111,74.48275862068965
1469.8527777777776,71.2871287128713
1470.711111111111,69.90291262135922
1471.5194444444444,74.22680412371133
1472.3166666666666,75.26132404181185
1473.1138888888888,75.26132404181185
1473.9361111111111,72.97297297297298
1474.6944444444446,79.12087912087912
1475.5305555555558,71.76079734219269
1476.3833333333337,70.35830618892508
1477.2000000000003,73.46938775510205
1478.0083333333337,74.22680412371133
1478.8138888888893,74.48275862068965
1479.5694444444448,79.41176470588235
1480.3694444444448,75.0
1481.188888888889,73.22033898305085
1482.0611111111114,68.78980891719745
1482.8888888888891,72.48322147651007
1483.6833333333336,75.52447552447553
1484.505555555556,72.97297297297298
1485.291666666667,76.32508833922262
1486.0583333333336,78.26086956521739
1486.8111111111114,79.70479704797049
1487.7444444444448,64.28571428571428
1488.5444444444447,75.0
1489.3555555555558,73.97260273972603
1490.1861111111114,72.24080267558529
1490.977777777778,75.78947368421053
1491.7472222222225,77.9783393501805
1492.5388888888892,75.78947368421053
1493.3694444444448,72.24080267558529
1494.1416666666669,77.6978417266187
1495.0111111111114,69.00958466453675
1495.791666666667,76.86832740213524
1496.6083333333336,73.46938775510205
1497.3805555555557,77.6978417266187
1498.1722222222224,75.78947368421053
1498.9916666666668,73.22033898305085
1499.8472222222224,70.12987012987013
1500.6722222222224,72.72727272727273
1501.0555555555559,156.52173913043478
1501.4388888888893,156.52173913043478
1502.2638888888894,72.72727272727273
1503.1027777777783,71.52317880794702
1503.8361111111117,81.81818181818183
1504.2333333333338,151.04895104895107
1504.633333333334,150.0
1505.4861111111118,70.35830618892508
1506.3305555555562,71.05263157894737
1507.1416666666673,73.97260273972603
1507.9861111111118,71.05263157894737
1508.7750000000005,76.05633802816902
1509.5055555555562,82.12927756653993
1510.3527777777783,70.81967213114754
1511.158333333334,74.48275862068965
1512.0111111111119,70.35830618892508
1512.8333333333342,72.97297297297298
1513.6694444444454,71.76079734219269
1514.472222222223,74.74048442906575
1515.236111111112,78.54545454545455
1516.0277777777787,75.78947368421053
1516.8305555555564,74.74048442906575
1517.7388888888897,66.05504587155963
1518.5111111111119,77.6978417266187
1519.3388888888896,72.48322147651007
1520.161111111112,72.97297297297298
1520.9305555555563,77.9783393501805
1521.7166666666674,76.32508833922262
1522.5250000000008,74.22680412371133
1523.4083333333342,67.9245283018868
1524.2583333333341,70.58823529411765
1525.022222222223,78.54545454545455
1525.8666666666675,71.05263157894737
1526.6527777777785,76.32508833922262
1527.4166666666674,78.54545454545455
1528.2000000000007,76.59574468085107
1529.0416666666674,71.2871287128713
1529.922222222223,68.13880126182966
1530.697222222223,77.41935483870968
1531.558333333334,69.6774193548387
1532.3666666666675,74.22680412371133
1533.125000000001,79.12087912087912
1533.9083333333342,76.59574468085107
1534.7277777777786,73.22033898305085
1535.572222222223,71.05263157894737
1536.447222222223,68.57142857142857
1537.2388888888897,75.78947368421053
1538.0555555555563,73.46938775510205
1538.8277777777785,77.6978417266187
1539.6166666666672,76.05633802816902
1540.408333333334,75.78947368421053
1541.2527777777784,71.05263157894737
1542.0750000000007,72.97297297297298
1542.9666666666674,67.28971962616822
1543.7527777777784,76.32508833922262
1544.5305555555562,77.14285714285714
1545.308333333334,77.14285714285714
1546.0972222222229,76.05633802816902
1546.933333333334,71.76079734219269
1547.7638888888896,72.24080267558529
1548.547222222223,76.59574468085107
1549.4555555555562,66.05504587155963
1550.2388888888895,76.59574468085107
1551.0027777777784,78.54545454545455
1551.7750000000005,77.6978417266187
1552.5972222222229,72.97297297297298
1553.4416666666673,71.05263157894737
1554.2611111111116,73.22033898305085
1555.119444444445,69.90291262135922
1555.8805555555562,78.83211678832117
1556.7027777777785,72.97297297297298
1557.4555555555562,79.70479704797049
1558.2555555555562,75.0
1559.0777777777785,72.97297297297298
1559.9055555555562,72.48322147651007
1560.7527777777784,70.81967213114754
1561.5805555555562,72.48322147651007
1562.3611111111118,76.86832740213524
1563.1527777777785,75.78947368421053
1563.8694444444452,83.72093023255813
1564.7361111111118,69.23076923076923
1565.5444444444452,74.22680412371133
1566.372222222223,72.48322147651007
1567.2305555555563,69.90291262135922
1568.0305555555562,75.0
1568.8055555555563,77.41935483870968
1569.5888888888896,76.59574468085107
1570.411111111112,72.97297297297298
1571.2277777777786,73.46938775510205
1571.986111111112,79.12087912087912
1572.9250000000009,63.905325443786985
1573.7138888888896,76.05633802816902
1574.4777777777786,78.54545454545455
1575.2527777777786,77.41935483870968
1576.0638888888898,73.97260273972603
1576.8805555555564,73.46938775510205
1577.6944444444453,73.72013651877133
1578.5611111111118,69.23076923076923
1579.4000000000008,71.52317880794702
1580.1916666666675,75.78947368421053
1580.9583333333342,78.26086956521739
1581.750000000001,75.78947368421053
1582.5555555555566,74.48275862068965
1583.3694444444454,73.72013651877133
1584.2194444444453,70.58823529411765
1585.061111111112,71.2871287128713
1585.861111111112,75.0
1586.6388888888898,77.14285714285714
1587.4472222222232,74.22680412371133
1588.250000000001,74.74048442906575
1589.0666666666675,73.46938775510205
1589.8916666666676,72.72727272727273
1590.761111111112,69.00958466453675
1591.5722222222232,73.97260273972603
1592.350000000001,77.14285714285714
1593.1333333333343,76.59574468085107
1593.9444444444455,73.97260273972603
1594.8194444444455,68.57142857142857
1595.5694444444455,80.0
1596.4472222222232,68.35443037974683
1597.2722222222233,72.72727272727273
1598.050000000001,77.14285714285714
1598.8333333333344,76.59574468085107
1599.6305555555566,75.26132404181185
1600.4305555555566,75.0
1601.2861111111122,70.12987012987013
1602.1027777777788,73.46938775510205
1602.9527777777787,70.58823529411765
1603.7472222222232,75.52447552447553
1604.53888888889,75.78947368421053
1605.3277777777787,76.05633802816902
1606.1277777777786,75.0
1606.9027777777787,77.41935483870968
1607.7527777777786,70.58823529411765
1608.6277777777786,68.57142857142857
1609.447222222223,73.22033898305085
1610.2527777777786,74.48275862068965
1611.036111111112,76.59574468085107
1611.8500000000008,73.72013651877133
1612.6444444444453,75.52447552447553
1613.4527777777787,74.22680412371133
1614.2916666666677,71.52317880794702
1615.150000000001,69.90291262135922
1615.9916666666677,71.2871287128713
1616.7222222222233,82.12927756653993
1617.53888888889,73.46938775510205
1618.3277777777787,76.05633802816902
1619.1305555555564,74.74048442906575
1620.0138888888898,67.9245283018868
1620.8527777777788,71.52317880794702
1621.650000000001,75.26132404181185
1622.36388888889,84.04669260700389
1623.1805555555566,73.46938775510205
1623.9722222222233,75.78947368421053
1624.7694444444455,75.26132404181185
1625.6194444444454,70.58823529411765
1626.4722222222233,70.35830618892508
1627.2861111111122,73.72013651877133
1628.0916666666678,74.48275862068965
1628.8805555555566,76.05633802816902
1629.6805555555566,75.0
1630.4166666666677,81.50943396226414
1631.2527777777789,71.76079734219269
1632.18888888889,64.09495548961424
1632.952777777779,78.54545454545455
1633.7666666666678,73.72013651877133
1634.5555555555566,76.05633802816902
1635.3666666666677,73.97260273972603
1636.1527777777787,76.32508833922262
1636.9444444444455,75.78947368421053
1637.8194444444455,68.57142857142857
1638.2138888888899,152.11267605633805
1638.611111111112,151.04895104895107
1639.3944444444453,76.59574468085107
1640.2833333333342,67.5
1641.0250000000008,80.89887640449437
1641.4194444444452,152.11267605633805
1641.8138888888896,152.11267605633805
1642.5972222222229,76.59574468085107
1643.4666666666674,69.00958466453675
1644.3055555555563,71.52317880794702
1645.111111111112,74.48275862068965
1645.9166666666677,74.48275862068965
1646.7027777777787,76.32508833922262
1647.5472222222231,71.05263157894737
1648.2777777777787,82.12927756653993
1649.1166666666677,71.52317880794702
1649.9722222222233,70.12987012987013
1650.7972222222234,72.72727272727273
1651.6194444444457,72.97297297297298
1652.4083333333344,76.05633802816902
1653.2111111111121,74.74048442906575
1653.9944444444454,76.59574468085107
1654.8555555555565,69.6774193548387
1655.6527777777787,75.26132404181185
1656.4777777777788,72.72727272727273
1657.3055555555566,72.48322147651007
1658.1027777777788,75.26132404181185
1658.9111111111122,74.22680412371133
1659.6861111111123,77.41935483870968
1660.4583333333344,77.6978417266187
1661.3472222222233,67.5
1662.16388888889,73.46938775510205
1662.975000000001,73.97260273972603
1663.78888888889,73.72013651877133
1664.6055555555565,73.46938775510205
1665.3833333333343,77.14285714285714
1666.1583333333344,77.41935483870968
1667.0111111111123,70.35830618892508
1667.8444444444456,72.0
1668.7305555555567,67.7115987460815
1669.4750000000013,80.59701492537313
1670.280555555557,74.48275862068965
1671.0750000000014,75.52447552447553
1671.8527777777792,77.14285714285714
1672.6722222222236,73.22033898305085
1673.5194444444458,70.81967213114754
1674.3361111111124,73.46938775510205
1675.1666666666679,72.24080267558529
1676.0416666666679,68.57142857142857
1676.7916666666679,80.0
1677.56388888889,77.6978417266187
1678.3611111111122,75.26132404181185
1679.202777777779,71.2871287128713
1680.0222222222233,73.22033898305085
1680.8583333333345,71.76079734219269
1681.675000000001,73.46938775510205
1682.43888888889,78.54545454545455
1683.2555555555566,73.46938775510205
1684.0194444444455,78.54545454545455
1684.8666666666677,70.81967213114754
1685.6944444444455,72.48322147651007
1686.5166666666678,72.97297297297298
1687.3444444444456,72.48322147651007
1688.1722222222234,72.48322147651007
1688.952777777779,76.86832740213524
1689.7222222222233,77.9783393501805
1690.5444444444456,72.97297297297298
1691.38888888889,71.05263157894737
1692.2722222222235,67.9245283018868
1693.030555555557,79.12087912087912
1693.855555555557,72.72727272727273
1694.655555555557,75.0
1695.4250000000013,77.9783393501805
1696.230555555557,74.48275862068965
1697.069444444446,71.52317880794702
1697.894444444446,72.72727272727273
1698.733333333335,71.52317880794702
1699.5361111111126,74.74048442906575
1700.369444444446,72.0
1701.1972222222237,72.48322147651007
1701.9250000000015,82.44274809160305
1702.755555555557,72.24080267558529
1703.569444444446,73.72013651877133
1704.4055555555572,71.76079734219269
1705.2388888888904,72.0
1706.0638888888905,72.72727272727273
1706.8416666666683,77.14285714285714
1707.5888888888906,80.29739776951672
1708.4388888888905,70.58823529411765
1709.2611111111128,72.97297297297298
1710.083333333335,72.97297297297298
1710.9138888888906,72.24080267558529
1711.7527777777796,71.52317880794702
1712.5444444444463,75.78947368421053
1713.311111111113,78.26086956521739
1714.136111111113,72.72727272727273
1714.9500000000019,73.72013651877133
1715.7694444444462,73.22033898305085
1716.6444444444462,68.57142857142857
1717.4305555555572,76.32508833922262
1718.2444444444461,73.72013651877133
1719.0166666666682,77.6978417266187
1719.8166666666682,75.0
1720.6361111111125,73.22033898305085
1721.4500000000014,73.72013651877133
1722.280555555557,72.24080267558529
1723.0888888888903,74.22680412371133
1723.9916666666682,66.46153846153847
1724.7138888888903,83.07692307692308
1725.5000000000014,76.32508833922262
1726.3083333333348,74.22680412371133
1727.105555555557,75.26132404181185
1727.9555555555569,70.58823529411765
1728.7944444444458,71.52317880794702
1729.6222222222236,72.48322147651007
1730.3972222222237,77.41935483870968
1731.1833333333348,76.32508833922262
1732.005555555557,72.97297297297298
1732.8083333333348,74.74048442906575
1733.627777777779,73.22033898305085
1734.466666666668,71.52317880794702
1735.3250000000014,69.90291262135922
1736.1222222222236,75.26132404181185
1736.8527777777792,82.12927756653993
1737.6777777777793,72.72727272727273
1738.5750000000014,66.87306501547987
1739.305555555557,82.12927756653993
1740.1388888888903,72.0
1740.994444444446,70.12987012987013
1741.8111111111125,73.46938775510205
1742.5805555555569,77.9783393501805
1743.391666666668,73.97260273972603
1744.1972222222237,74.48275862068965
1744.9722222222238,77.41935483870968
1745.8250000000016,70.35830618892508
1746.7388888888904,65.65349544072949
1747.494444444446,79.41176470588235
1748.2722222222237,77.14285714285714
1749.069444444446,75.26132404181185
1749.869444444446,75.0
1750.6583333333347,76.05633802816902
1751.5000000000014,71.2871287128713
1752.3361111111126,71.76079734219269
1753.158333333335,72.97297297297298
1753.9527777777794,75.52447552447553
1754.783333333335,72.24080267558529
1755.5638888888905,76.86832740213524
1756.3527777777792,76.05633802816902
1757.1611111111126,74.22680412371133
1758.0000000000016,71.52317880794702
1758.8638888888904,69.45337620578778
1759.6777777777793,73.72013651877133
1760.4527777777794,77.41935483870968
1761.2750000000017,72.97297297297298
1762.0277777777794,79.70479704797049
1762.8138888888905,76.32508833922262
1763.7138888888906,66.66666666666667
1764.5250000000017,73.97260273972603
1765.361111111113,71.76079734219269
1766.1500000000017,76.05633802816902
1766.958333333335,74.22680412371133
1767.7500000000018,75.78947368421053
1768.5305555555574,76.86832740213524
1769.3527777777797,72.97297297297298
1770.186111111113,72.0
1771.0444444444463,69.90291262135922
1771.9138888888908,69.00958466453675
1772.6444444444464,82.12927756653993
1773.4444444444464,75.0
1774.225000000002,76.86832740213524
1775.050000000002,72.72727272727273
1775.8916666666687,71.2871287128713
1776.7472222222243,70.12987012987013
1777.5583333333354,73.97260273972603
1778.35277777778,75.52447552447553
1779.2194444444465,69.23076923076923
1779.9361111111132,83.72093023255813
1780.725000000002,76.05633802816902
1781.5555555555575,72.24080267558529
1782.4277777777797,68.78980891719745
1783.247222222224,73.22033898305085
1784.0388888888908,75.78947368421053
1784.8611111111131,72.97297297297298
1785.638888888891,77.14285714285714
1786.4194444444465,76.86832740213524
1787.2416666666688,72.97297297297298
1788.0972222222244,70.12987012987013
1788.9333333333357,71.76079734219269
1789.7333333333356,75.0
1790.5500000000022,73.46938775510205
1791.341666666669,75.78947368421053
1792.113888888891,77.6978417266187
1792.9416666666689,72.48322147651007
1793.7555555555577,73.72013651877133
1794.613888888891,69.90291262135922
1795.4305555555577,73.46938775510205
1796.238888888891,74.22680412371133
1797.038888888891,75.0
1797.8083333333354,77.9783393501805
1798.6194444444466,73.97260273972603
1799.4444444444466,72.72727272727273
1800.3694444444466,64.86486486486486
1801.12777777778,79.12087912087912
1801.92777777778,75.0
1802.738888888891,73.97260273972603
1803.5111111111132,77.6978417266187
1804.288888888891,77.14285714285714
1805.1111111111134,72.97297297297298
